{"stats":{"minecraft:picked_up":{"minecraft:dirt":1},"minecraft:dropped":{"minecraft:cooked_beef":998},"minecraft:used":{"minecraft:cooked_beef":2,"minecraft:dirt":1},"minecraft:custom":{"minecraft:jump":138,"minecraft:time_since_rest":10708,"minecraft:crouch_one_cm":2547,"minecraft:play_one_minute":10708,"minecraft:leave_game":1,"minecraft:sprint_one_cm":13504,"minecraft:damage_taken":70,"minecraft:time_since_death":10708,"minecraft:walk_one_cm":6249,"minecraft:sneak_time":623,"minecraft:drop":16,"minecraft:fall_one_cm":5019,"minecraft:fly_one_cm":29407},"minecraft:mined":{"minecraft:grass_block":1}},"DataVersion":2584}