{"stats":{"minecraft:mined":{"minecraft:oak_leaves":3},"minecraft:dropped":{"minecraft:enchanted_book":20,"minecraft:compass":7,"minecraft:netherite_pickaxe":2,"minecraft:turtle_helmet":2,"minecraft:netherite_hoe":2,"minecraft:cooked_beef":67,"minecraft:diamond":7,"minecraft:netherite_sword":1,"minecraft:netherite_axe":2,"minecraft:netherite_helmet":1,"minecraft:netherite_chestplate":1,"minecraft:netherite_boots":1,"minecraft:diamond_helmet":1,"minecraft:cobblestone":12,"minecraft:arrow":8,"minecraft:bow":4,"minecraft:wooden_pickaxe":1,"minecraft:oak_leaves":1,"minecraft:splash_potion":26,"minecraft:golden_apple":12,"minecraft:netherite_leggings":1,"minecraft:flint_and_steel":1},"minecraft:used":{"minecraft:oak_log":5,"minecraft:command_block":4,"minecraft:chest":3,"minecraft:oak_leaves":1,"minecraft:bedrock":19,"minecraft:dirt":24,"minecraft:hopper":2},"minecraft:picked_up":{"minecraft:netherite_boots":1,"minecraft:splash_potion":13,"minecraft:enchanted_book":12,"minecraft:porkchop":3,"minecraft:netherite_leggings":1,"minecraft:flint_and_steel":1,"minecraft:netherite_helmet":1,"minecraft:wheat_seeds":3,"minecraft:netherite_sword":1,"minecraft:diamond_helmet":1,"minecraft:netherite_chestplate":1},"minecraft:custom":{"minecraft:time_since_rest":54078,"minecraft:sprint_one_cm":29314,"minecraft:walk_one_cm":24955,"minecraft:drop":117,"minecraft:inspect_hopper":5,"minecraft:damage_dealt":10,"minecraft:fly_one_cm":1053251,"minecraft:open_chest":10,"minecraft:play_one_minute":54078,"minecraft:crouch_one_cm":45,"minecraft:sneak_time":1629,"minecraft:walk_under_water_one_cm":7690,"minecraft:jump":160,"minecraft:leave_game":3,"minecraft:time_since_death":54078,"minecraft:walk_on_water_one_cm":160,"minecraft:climb_one_cm":2634,"minecraft:fall_one_cm":267}},"DataVersion":2584}