{"stats":{"minecraft:picked_up":{"minecraft:wooden_axe":2,"minecraft:chain_command_block":1,"minecraft:light_blue_concrete":1,"minecraft:stripped_warped_hyphae":1,"minecraft:yellow_concrete":1,"minecraft:lime_concrete":1,"minecraft:bedrock":1,"minecraft:gunpowder":3,"minecraft:redstone":4,"minecraft:lantern":1,"minecraft:orange_concrete":1,"minecraft:arrow":3,"minecraft:bone":1,"minecraft:repeating_command_block":1,"minecraft:command_block":2,"minecraft:redstone_torch":18,"minecraft:red_concrete":1,"minecraft:magenta_concrete":1,"minecraft:piston":2,"minecraft:purple_concrete":1},"minecraft:used":{"minecraft:redstone_torch":67,"minecraft:polished_blackstone_slab":15,"minecraft:sticky_piston":3,"minecraft:quartz_pillar":1,"minecraft:orange_concrete":4,"minecraft:command_block":126,"minecraft:red_concrete":4,"minecraft:lantern":116,"minecraft:grass_block":21,"minecraft:redstone":108,"minecraft:barrier":27,"minecraft:magenta_concrete":4,"minecraft:cyan_concrete":7,"minecraft:stone":194,"minecraft:item_frame":2,"minecraft:warped_sign":1,"minecraft:smooth_quartz_stairs":8,"minecraft:quartz_stairs":10,"minecraft:player_head":4,"minecraft:purple_concrete":5,"minecraft:polished_blackstone_pressure_plate":28,"minecraft:crimson_sign":7,"minecraft:bedrock":378,"minecraft:glowstone":206,"minecraft:stripped_warped_hyphae":334,"minecraft:repeater":27,"minecraft:dirt":1,"minecraft:lime_concrete":6,"minecraft:comparator":99,"minecraft:light_blue_concrete":5,"minecraft:oak_slab":1,"minecraft:yellow_concrete":8,"minecraft:gold_block":4,"minecraft:chain_command_block":102,"minecraft:repeating_command_block":162,"minecraft:warped_button":1,"minecraft:warped_pressure_plate":1,"minecraft:warped_planks":386},"minecraft:custom":{"minecraft:time_since_rest":134651,"minecraft:sprint_one_cm":81509,"minecraft:damage_taken":340,"minecraft:walk_one_cm":529275,"minecraft:drop":7,"minecraft:damage_dealt":63,"minecraft:fly_one_cm":1375306,"minecraft:player_kills":1,"minecraft:open_chest":17,"minecraft:play_one_minute":484358,"minecraft:crouch_one_cm":7553,"minecraft:deaths":7,"minecraft:sneak_time":5483,"minecraft:walk_under_water_one_cm":367,"minecraft:jump":1106,"minecraft:leave_game":12,"minecraft:walk_on_water_one_cm":576,"minecraft:time_since_death":134610,"minecraft:climb_one_cm":310,"minecraft:fall_one_cm":9024},"minecraft:dropped":{"minecraft:red_concrete":1,"minecraft:lime_concrete":1,"minecraft:yellow_concrete":1,"minecraft:orange_concrete":1,"minecraft:purple_concrete":1,"minecraft:magenta_concrete":1,"minecraft:light_blue_concrete":1}},"DataVersion":2584}