{"stats":{"minecraft:crafted":{"minecraft:crafting_table":1,"minecraft:spruce_planks":24,"minecraft:stick":12,"minecraft:wooden_pickaxe":1},"minecraft:mined":{"minecraft:dirt":7,"minecraft:spruce_log":6,"minecraft:stone":34},"minecraft:used":{"minecraft:dirt":2,"minecraft:tnt":2,"minecraft:crafting_table":1,"minecraft:shulker_box":4,"minecraft:wooden_pickaxe":34,"minecraft:ender_chest":2},"minecraft:picked_up":{"minecraft:spruce_log":6,"minecraft:shulker_box":3,"minecraft:dirt":7,"minecraft:cobblestone":33},"minecraft:custom":{"minecraft:time_since_rest":13265,"minecraft:crouch_one_cm":3097,"minecraft:play_one_minute":13265,"minecraft:open_shulker_box":9,"minecraft:sprint_one_cm":5254,"minecraft:open_enderchest":13,"minecraft:damage_taken":80,"minecraft:walk_one_cm":3298,"minecraft:sneak_time":1390,"minecraft:walk_under_water_one_cm":2244,"minecraft:jump":41,"minecraft:leave_game":3,"minecraft:walk_on_water_one_cm":405,"minecraft:time_since_death":13265,"minecraft:climb_one_cm":419,"minecraft:swim_one_cm":269,"minecraft:interact_with_crafting_table":1,"minecraft:fall_one_cm":2266,"minecraft:fly_one_cm":223372}},"DataVersion":2584}