{"stats":{"minecraft:picked_up":{"minecraft:dandelion":1,"minecraft:porkchop":4},"minecraft:used":{"minecraft:bedrock":1,"minecraft:oak_leaves":88,"minecraft:dirt":25,"minecraft:birch_leaves":17,"minecraft:lantern":1,"minecraft:grass_block":993,"minecraft:stone":94,"minecraft:warped_planks":2},"minecraft:custom":{"minecraft:time_since_rest":54103,"minecraft:open_chest":1,"minecraft:crouch_one_cm":25,"minecraft:play_one_minute":54103,"minecraft:sprint_one_cm":63900,"minecraft:walk_one_cm":137478,"minecraft:sneak_time":164,"minecraft:walk_under_water_one_cm":2173,"minecraft:jump":314,"minecraft:damage_dealt":20,"minecraft:leave_game":1,"minecraft:walk_on_water_one_cm":1432,"minecraft:time_since_death":54103,"minecraft:climb_one_cm":164,"minecraft:fly_one_cm":443909}},"DataVersion":2584}