{"stats":{"minecraft:used":{"minecraft:bedrock":19,"minecraft:stone":19,"minecraft:grass_block":36},"minecraft:custom":{"minecraft:jump":132,"minecraft:open_chest":30,"minecraft:time_since_rest":21127,"minecraft:play_one_minute":21127,"minecraft:crouch_one_cm":2199,"minecraft:leave_game":2,"minecraft:sprint_one_cm":30152,"minecraft:time_since_death":21127,"minecraft:walk_on_water_one_cm":18,"minecraft:walk_one_cm":19044,"minecraft:sneak_time":1619,"minecraft:fall_one_cm":418,"minecraft:fly_one_cm":423821}},"DataVersion":2584}